customer_id,name,email,signup_date
1,Jeffrey Olsen,washingtonjoann@example.net,2024-04-27
2,Timothy Gilbert,gsmith@example.com,2024-12-05
3,Ashley Gregory,kelsey38@example.com,2024-09-22
4,Julie Rice,jennifersummers@example.org,2025-01-01
5,Melissa Moran,pwiley@example.org,2023-06-13
6,Charles Byrd,jchapman@example.com,2024-02-14
7,Caleb Waters,aaron14@example.com,2024-06-28
8,Juan Villarreal,andersontimothy@example.org,2024-10-02
9,Daniel Warner,bellamanda@example.net,2025-04-07
10,Darlene Garrett,obrienjeffrey@example.org,2023-04-25
11,Benjamin Cooper,carlos53@example.org,2023-11-27
12,Ryan Koch,lmckinney@example.net,2025-03-27
13,Jenna Boyd,romeroryan@example.net,2024-04-12
14,Mark Nielsen,kevin41@example.org,2024-08-21
15,Michelle Stephens,jamesjohnson@example.org,2023-10-22
16,Jessica Bennett,luis81@example.net,2024-09-23
17,Austin Hunt,rsmith@example.net,2024-08-29
18,Raymond Riley,heatheranderson@example.com,2023-11-16
19,Gregory Mahoney,bramirez@example.org,2023-10-25
20,Nancy Mcknight,sanchezkenneth@example.org,2023-07-14
21,Timothy Cobb,gwhite@example.org,2025-01-24
22,John Cox,erin40@example.org,2024-07-24
23,Andrew Smith,kruegerryan@example.com,2024-07-09
24,Erin Barker,laurenstewart@example.com,2023-08-20
25,Maria Keller,michelle34@example.org,2024-06-29
26,Ryan Wong,pfields@example.net,2024-04-10
27,Dennis Petersen,jenny57@example.com,2024-05-22
28,Michelle Rivera,chenmonica@example.net,2024-08-23
29,Randy Baker,william38@example.net,2025-03-04
30,Wanda Martinez,mariasanchez@example.net,2024-06-03
31,Christopher Petersen,tranmatthew@example.com,2024-04-19
32,Mary Gray,lewispaul@example.com,2023-07-11
33,Evan Ramos,kdean@example.com,2023-08-11
34,Thomas Craig,gpearson@example.org,2024-09-11
35,Mark Rivera,felicia52@example.org,2024-12-18
36,Shane Howard,michelle66@example.net,2024-11-10
37,Mrs. Charlene Spencer,weststeven@example.org,2023-07-30
38,Julie Garza,elizabeth58@example.com,2024-12-14
39,Sierra Taylor,thomassheila@example.net,2024-05-05
40,Christina Barker,hudsoncody@example.com,2024-02-01
41,Lisa Patterson,hernandezjames@example.org,2024-10-26
42,Judy Thomas,elewis@example.com,2024-01-01
43,Abigail Campos,jasonross@example.org,2024-02-29
44,Harold Mitchell,matthewvaughn@example.net,2023-07-20
45,Shannon Villanueva,parkerlisa@example.com,2024-08-28
46,Brian Miller,brendapineda@example.org,2023-08-04
47,Carol Jensen,johnathan62@example.net,2025-03-29
48,Melissa Frank,williamscory@example.org,2024-08-24
49,Dr. David Smith MD,robertevans@example.org,2024-02-23
50,Alice Powell,austin86@example.net,2024-10-07
51,Robyn Huang,phunter@example.org,2024-05-11
52,George Vega,smithzachary@example.org,2024-01-06
53,Joseph Gray MD,tylermclean@example.com,2024-03-04
54,Melanie Park,amybaker@example.net,2024-02-02
55,Robert Bowers,hernandezcynthia@example.com,2024-12-07
56,Paul Miller,amandawalker@example.net,2023-06-27
57,Yvette Marquez,ymiller@example.net,2023-11-17
58,Mark Graham,murphychristopher@example.com,2023-07-07
59,Elizabeth Smith,dwhitaker@example.org,2025-03-07
60,James Alexander,alvaradobradley@example.org,2023-05-09
61,David Walker,pfrank@example.com,2024-12-29
62,Elizabeth Phillips,jacobjohnson@example.com,2025-01-23
63,Margaret Hayes,melissabrown@example.net,2024-06-10
64,Fred Carpenter,pmartinez@example.net,2024-08-09
65,James Cox,alan72@example.org,2023-05-02
66,Dylan Byrd,bbrown@example.org,2024-02-17
67,Robert Evans,cthompson@example.org,2024-07-24
68,Colleen Brown,eharvey@example.org,2025-01-21
69,William Jones,vkennedy@example.com,2024-08-29
70,Jesse Cook,maciasthomas@example.net,2023-05-08
71,Terry Hernandez,robertreed@example.net,2024-06-15
72,Mary Smith DDS,michaelconner@example.org,2024-03-18
73,Christina Jensen,erica73@example.net,2025-03-20
74,Tiffany Ware,frostcindy@example.org,2023-06-01
75,Jennifer Reese,dsmith@example.com,2023-07-07
76,Leah Wilson,thomas12@example.org,2024-05-07
77,Deanna Manning,greg40@example.org,2023-12-20
78,Katherine Middleton,cory54@example.org,2024-01-15
79,Kimberly Gordon,gcook@example.net,2025-02-02
80,Dakota Thompson,whansen@example.net,2024-06-04
81,Natalie James,jgraham@example.org,2024-03-09
82,Jessica Allen,erodriguez@example.net,2023-12-04
83,Eric Meyers,daniellehahn@example.com,2024-08-23
84,Victor Choi,mark03@example.org,2024-12-17
85,Stephanie Roberson,tiffanyharris@example.com,2024-04-01
86,Anthony Smith,wwoods@example.net,2024-10-07
87,Alexander Hardy,annehampton@example.net,2025-02-28
88,David Garcia,lori78@example.com,2024-12-12
89,Jim Fox Jr.,montoyawanda@example.com,2025-01-02
90,Karla Ward,nwagner@example.org,2025-02-18
91,Matthew Wolf DDS,hallkatie@example.com,2024-03-21
92,Megan Jackson,vtodd@example.net,2024-04-25
93,Jennifer Stevens,whitneyclark@example.org,2023-10-22
94,Victoria Contreras,ethan09@example.com,2024-08-28
95,Michael Bird,davidscott@example.com,2025-02-22
96,Bryce Hernandez,thopkins@example.com,2023-12-26
97,Susan Johnson MD,finleytamara@example.net,2024-06-13
98,Cory Caldwell,carrielogan@example.org,2024-10-13
99,Scott Martin,theresa83@example.org,2024-11-26
100,Dana Gutierrez MD,awilson@example.net,2024-11-01
101,Isaiah Carter,xedwards@example.net,2024-07-17
102,Kathryn Oneill,gayrebecca@example.org,2023-06-13
103,Stephen Harris,samantharoberts@example.org,2024-11-14
104,Elizabeth Stafford,fwade@example.com,2024-01-23
105,Elizabeth Lopez,kathleenevans@example.net,2025-02-10
106,Carlos Sloan,dixonkelly@example.org,2023-06-02
107,Zachary Dalton,egarza@example.com,2023-07-25
108,Maria Conley,andrewmiller@example.org,2023-06-22
109,Christina Washington,xfox@example.org,2023-07-21
110,Tina Phelps,esteskatherine@example.com,2023-10-06
111,Thomas Harris,davislisa@example.net,2024-07-27
112,Melissa Montoya,nlarson@example.com,2025-03-07
113,Garrett Moore,ocrawford@example.org,2024-08-08
114,Howard Johnson,rebeccajones@example.com,2023-12-12
115,Anita Johnson,lnelson@example.org,2025-03-27
116,Jonathan Christian,hcunningham@example.com,2024-02-18
117,Kellie Taylor,wjimenez@example.net,2025-01-17
118,Diana Gutierrez,paul85@example.net,2024-12-02
119,Jimmy Bates,austin13@example.com,2023-10-28
120,Hannah Norton,laurie75@example.com,2024-02-18
121,Eric Wang,iwyatt@example.com,2024-05-03
122,Jordan Aguirre,james52@example.net,2024-08-28
123,Samantha Green,lynn93@example.net,2024-08-04
124,Richard Mason,jordanrachel@example.net,2024-07-22
125,Stacy Williams MD,howarddixon@example.net,2024-01-20
126,Robert Rodriguez,gary69@example.org,2024-12-31
127,Alejandro Martinez,ttanner@example.net,2023-11-08
128,Carolyn Friedman,amysmith@example.net,2025-01-03
129,Lisa Fletcher,shelleymoore@example.org,2023-05-19
130,Richard Shaffer,vdunn@example.org,2023-05-02
131,Kimberly Duncan,qmiller@example.net,2024-11-01
132,Amanda Fields,hillcrystal@example.org,2024-11-09
133,Shawn Moore,valdezbrenda@example.org,2025-03-16
134,Brenda Gregory,zoelarson@example.net,2023-10-16
135,Zachary Cook,parkslydia@example.com,2024-03-06
136,Adrienne Thompson,ericsnow@example.net,2024-02-01
137,Mary Williams,jpowell@example.net,2024-04-23
138,Jordan Williams,bnguyen@example.com,2024-05-16
139,Riley Franklin,jarviskimberly@example.org,2024-09-04
140,Kevin Dudley,jperry@example.net,2024-06-17
141,Kara Thomas,johnhunter@example.org,2024-07-06
142,Vincent Smith,dcarter@example.net,2024-03-13
143,Deborah Matthews,jennifer91@example.com,2025-04-03
144,Devin Lee,amy15@example.com,2024-04-25
145,Diana Mendez,marcia29@example.com,2023-09-05
146,Luke Deleon,rodriguezkristin@example.net,2025-02-03
147,Laura Soto,james97@example.com,2024-08-11
148,Steven Sanders,joseph59@example.com,2023-12-27
149,Mary Frazier,garciamario@example.net,2025-01-21
150,Steven Macias,hgordon@example.net,2023-06-22
151,Molly Martinez,andrea21@example.net,2024-12-02
152,Austin Reed,robertwilson@example.net,2025-02-02
153,Joshua Gibbs,ibrown@example.com,2023-08-07
154,Lisa Thomas,eric16@example.com,2023-04-27
155,Seth Pierce,ohill@example.org,2024-01-17
156,Amber Lyons,imatthews@example.net,2024-11-13
157,Heather Yates,elizabeth19@example.org,2024-07-13
158,Emily Jackson,drobinson@example.net,2023-07-21
159,Jared Jackson,davisjohn@example.org,2023-12-31
160,Joshua Johnson,james75@example.org,2024-03-05
161,William Johnson,andersonshawn@example.com,2024-11-01
162,Monica Newton,eric17@example.com,2024-11-06
163,Christina Perry,vbyrd@example.net,2024-02-23
164,Crystal Jordan,greenmichelle@example.net,2024-01-11
165,Donald Hernandez,russellshawn@example.org,2023-06-29
166,Mike Nash,christopher50@example.com,2023-07-15
167,Drew Velasquez,rebecca70@example.net,2023-09-28
168,Keith Weaver,jon43@example.net,2024-03-07
169,Timothy Jensen,michael59@example.org,2024-06-04
170,James Page,ogomez@example.net,2024-05-07
171,Kristen Johnson,ricky28@example.org,2023-08-15
172,Joseph Smith,coryjohnson@example.com,2025-03-02
173,Patricia Cole,millsanna@example.org,2024-04-04
174,Gregory Johnson,michaelanderson@example.com,2024-02-03
175,Daniel Mahoney,hallpeter@example.com,2023-11-24
176,Julia Pacheco,stanley39@example.net,2024-10-22
177,Tiffany Huang,debbie05@example.com,2025-03-01
178,Carolyn Cook,pagebrian@example.net,2024-07-06
179,Edward Wood,travis64@example.com,2023-10-27
180,William Moore,cookcraig@example.com,2024-12-10
181,Jared Sims,johnsilva@example.net,2024-08-15
182,Robert Anderson,brettmcguire@example.org,2024-05-10
183,Brett Lopez,bruceaguilar@example.com,2023-09-13
184,Barbara Wilson,peterschwartz@example.com,2023-08-21
185,Sheila Zavala,cmeadows@example.net,2024-11-08
186,Rachel Baker,benjaminwhite@example.com,2024-01-12
187,Scott Rivera,johnny39@example.org,2025-03-15
188,Charles Mayo,lisalee@example.com,2024-08-01
189,Courtney Cross,hduran@example.net,2024-01-26
190,Julia Fisher,reedkelly@example.com,2025-03-05
191,Mark Young,patriciaharrison@example.net,2023-09-09
192,Nicole Sutton,basschristopher@example.com,2024-09-29
193,Hannah Allen,melanieadams@example.net,2023-08-26
194,Patricia Bradshaw,amandakent@example.com,2024-05-31
195,Edwin Kelly,ocopeland@example.com,2023-05-09
196,Matthew Alvarez,johnsoncheryl@example.net,2023-12-07
197,Sara Swanson,johnathan78@example.org,2023-06-22
198,Wayne Marquez,hesterhoward@example.com,2024-11-18
199,Connie Waters,phillipsanthony@example.org,2024-12-28
200,Cheryl Johnson,lelliott@example.org,2025-02-09
201,Patrick Lawson,tiffanyhughes@example.net,2024-06-15
202,Julia Wolfe,antonionunez@example.com,2024-04-21
203,Michael Lopez,lindseyrobert@example.org,2024-08-02
204,Betty Mendez,dmartinez@example.com,2025-02-07
205,Robert Kirk,james24@example.org,2023-09-05
206,Jason Golden,brian96@example.com,2025-02-11
207,Samantha Schmidt,rosemichael@example.org,2023-11-26
208,Morgan Woods,michaelcarrillo@example.net,2025-01-08
209,Amy Watts,robertpalmer@example.com,2025-03-13
210,Kristina Kim,scotttaylor@example.com,2025-02-06
211,John Larsen,chadmorris@example.com,2023-10-16
212,Dawn Lee,cblanchard@example.com,2023-07-12
213,Timothy Burton,jennifer48@example.com,2023-04-30
214,Lindsey Martinez,lpeterson@example.com,2023-06-18
215,Laura Brown,joycegray@example.org,2023-09-14
216,Joshua Roman,bryanchavez@example.net,2024-06-04
217,Megan James,elijahphillips@example.com,2023-06-06
218,Mark Obrien,elizabethmays@example.net,2023-08-04
219,Jason Beck,brownjulie@example.org,2023-04-18
220,Dr. Karen Cook,jhernandez@example.com,2023-11-26
221,Sarah Garrett,megan83@example.net,2024-12-09
222,Katherine Trujillo,pruittkaren@example.org,2025-02-02
223,Heidi Alexander,kbrown@example.com,2024-02-08
224,Jessica Simmons DVM,cathy69@example.org,2024-05-01
225,Nathaniel Wilson,pricegary@example.net,2023-09-04
226,Bryan Clarke,lowekathleen@example.org,2025-04-02
227,Emma Rice,brooksthomas@example.org,2023-12-30
228,Kristin Ho,thomasgeorge@example.com,2023-11-16
229,Andrew Crane,williamscarrie@example.org,2024-05-12
230,Valerie Allen,rachaelthomas@example.com,2024-10-12
231,Leslie Brown,lisa11@example.net,2024-08-28
232,Eric Fowler,ftaylor@example.org,2025-03-21
233,Patrick Porter,yhill@example.net,2024-10-10
234,Tyler Short,christopher66@example.net,2024-12-09
235,Lori Allen,twashington@example.com,2024-11-15
236,Michael Vargas,wgarcia@example.com,2024-12-28
237,David Phillips,taylorglen@example.org,2024-10-14
238,Kurt Rosales,deanscott@example.org,2025-03-04
239,Meagan Leach,coopertimothy@example.com,2023-04-16
240,Jon James,cbryant@example.org,2023-11-15
241,George Calhoun,brandy62@example.org,2025-03-12
242,Morgan George,sarah25@example.net,2024-05-17
243,Laura Bowen,jessicajohnson@example.org,2024-01-12
244,Brian Wood,christopherrobinson@example.org,2025-03-10
245,Mary Young,johngill@example.org,2023-12-20
246,Julian Houston,sharonadams@example.org,2023-04-30
247,Joanna Long,howardjessica@example.com,2024-05-11
248,David Smith,williamgreene@example.net,2025-02-28
249,Nicole Williams,jesse38@example.net,2024-03-29
250,James Taylor,xmorris@example.com,2024-07-10
251,Pamela Gilmore,patrick61@example.com,2025-02-28
252,Jason Wolfe,roconnor@example.org,2023-12-06
253,Jamie Hill,boyeramanda@example.org,2024-06-21
254,Michael King,jonestammy@example.org,2023-05-03
255,Karen Buckley,jonathan39@example.org,2025-02-05
256,Robert Jensen,michael91@example.com,2023-11-12
257,Robin Holt,robertyoung@example.net,2023-07-25
258,Marvin Young,deborahjordan@example.com,2023-11-30
259,Austin Mejia,alyssa88@example.com,2023-05-06
260,Barbara Johnson,morgandylan@example.net,2025-02-08
261,Denise Combs,bakercarl@example.org,2023-07-06
262,Doris Dixon,cooperpaul@example.net,2023-11-13
263,Michael Perry,kristinasanchez@example.org,2024-08-06
264,Daniel Hamilton,aaroncastillo@example.com,2025-03-12
265,Edward Mejia,ronaldwilliams@example.org,2024-07-12
266,Darrell Snow,ybrown@example.org,2024-04-21
267,Alexander Smith,waltersmichelle@example.org,2024-09-24
268,Ryan Wells,bporter@example.org,2023-11-03
269,Michael Thompson,brittneymoyer@example.net,2024-11-14
270,Pamela Smith,ryan01@example.com,2023-06-28
271,Charles Boyd,gstout@example.org,2024-04-12
272,Krista Maldonado,benjamin87@example.org,2025-03-15
273,Manuel Brewer,lucaspatrick@example.com,2024-12-17
274,Patrick Burton,parkerdanielle@example.org,2023-05-07
275,Natalie Bailey,pcherry@example.org,2024-08-16
276,Nicholas Kelly,bondjason@example.com,2023-05-22
277,Robert Wilson,joshua93@example.net,2025-02-09
278,Monica Zhang,gomezjulie@example.org,2024-05-26
279,Joel Wallace,burkejames@example.com,2024-07-25
280,Paula Brown,brenda57@example.com,2024-11-25
281,Terry Stewart,rebekah66@example.com,2024-04-23
282,Kimberly James,richardsoncarla@example.net,2024-02-28
283,Wendy Bell,tstone@example.org,2024-09-14
284,Willie Matthews,bishopdeborah@example.org,2023-11-01
285,Mark Hernandez,frysteven@example.com,2024-08-21
286,Jacob Young,jensenwilliam@example.net,2024-03-14
287,John Davis,mkaiser@example.org,2023-06-23
288,Lee Cox,lori26@example.net,2025-01-19
289,Curtis Blair,richardgeorge@example.net,2024-01-28
290,Larry Lynch,matthewfoster@example.net,2024-01-06
291,Tommy Williams,melissasimmons@example.org,2024-02-24
292,William Thompson,smithtonya@example.org,2024-08-04
293,Tiffany Manning,ashlee61@example.org,2025-04-07
294,Latoya Rosario,williamsmith@example.com,2023-06-03
295,Melissa Cannon,kathy88@example.com,2024-03-22
296,Bradley Mcneil,guerrerofrank@example.org,2024-04-08
297,Nichole Fields,natalie11@example.org,2023-06-03
298,Steven Morris,crussell@example.com,2024-10-28
299,Amanda Ortiz,therrera@example.net,2024-12-13
300,Michael Henderson,hugheslauren@example.org,2023-07-02
301,Maria Hubbard,kimberlydavis@example.com,2023-10-02
302,Brandon Simpson,castillojamie@example.com,2023-10-05
303,Bill Schroeder,marc81@example.org,2024-02-07
304,Rachel Vance,rcox@example.net,2023-09-18
305,Ashley Kelly,emily27@example.net,2025-01-27
306,Thomas Molina,cturner@example.net,2024-06-19
307,Leah King,deniseberger@example.org,2023-08-01
308,Michelle Parsons,kelly91@example.com,2024-12-18
309,Crystal Owens,blakejoshua@example.com,2025-01-20
310,John Black,thomaskatherine@example.org,2023-05-11
311,Ryan Shannon,daniel28@example.org,2024-04-18
312,Justin Wheeler,qoliver@example.com,2023-04-29
313,Brian Johnson,creynolds@example.org,2024-11-10
314,Michele Johnson,hornderek@example.net,2024-10-11
315,Michael Blake,aaron39@example.org,2023-12-11
316,Mr. Steven Warner DDS,bobby73@example.com,2024-09-01
317,Richard Pierce,carolmiller@example.org,2024-08-27
318,Cathy Young,brian22@example.com,2023-04-10
319,Jimmy Allen,yjohnson@example.com,2023-10-30
320,Elaine Carter MD,xtorres@example.net,2024-04-30
321,Carrie Gates,alex65@example.com,2023-11-25
322,Mr. Benjamin Miller PhD,parias@example.org,2023-10-03
323,Pamela Hernandez,lcain@example.org,2023-07-16
324,Jonathan Powell,hcarroll@example.net,2023-06-29
325,Annette Roberts,bclayton@example.net,2025-03-13
326,Nicholas Melton,allenharris@example.com,2024-02-11
327,Stacy Clark,carolynrussell@example.com,2024-01-06
328,Patrick Gomez,cheryltran@example.org,2025-01-29
329,Emily Hunter,maureen26@example.net,2024-11-04
330,Andre Taylor,robert45@example.com,2023-08-25
331,William Cunningham,morrowchristopher@example.com,2025-03-23
332,Matthew Jacobson,reginafitzgerald@example.com,2025-03-06
333,Shannon Edwards,amberking@example.com,2024-09-02
334,Terri Nunez,timothy96@example.org,2024-04-13
335,Samuel Warner,valerie01@example.net,2023-05-14
336,Debra Williams,cyoder@example.net,2023-04-30
337,Kimberly Kennedy,charleshowell@example.net,2024-09-25
338,Joel Moore,michaelbryant@example.net,2024-06-19
339,John Krueger,laurenyoung@example.com,2024-10-30
340,Brittany Ramsey,erin91@example.org,2024-01-17
341,Dawn Campbell,toni66@example.com,2025-03-04
342,Jonathan Hernandez,benjamin57@example.net,2024-07-20
343,Dean Gibson,donaldhudson@example.org,2024-07-30
344,David Robinson,rebecca77@example.net,2023-08-19
345,Cynthia Benton,tnelson@example.net,2023-11-13
346,Ashley Chan,escobartiffany@example.org,2025-03-20
347,Rachel Mendoza,sextonbilly@example.org,2024-12-25
348,Kathleen Daniel,philip86@example.org,2023-05-10
349,Tom Howard,shannon00@example.org,2023-04-24
350,Patricia Cameron,sherrysmith@example.org,2023-09-03
351,Raven Paul,hgibson@example.net,2023-06-03
352,Chad Newton,stevensjessica@example.net,2024-08-01
353,Erica Anderson,kaitlynwallace@example.com,2024-01-01
354,Lisa Lewis,amy00@example.org,2024-02-18
355,Joseph Hutchinson,rickycook@example.com,2024-06-05
356,Charles Robinson,wchase@example.com,2023-08-12
357,Thomas Cook,lli@example.org,2023-12-16
358,Lisa Burton,isaacbecker@example.net,2025-03-24
359,Kimberly Quinn,kylejohnson@example.net,2025-01-21
360,Janet Parker,diana89@example.org,2023-11-29
361,Jennifer Roberts,ksmith@example.com,2023-12-05
362,Vanessa Bishop,njohnson@example.net,2023-05-10
363,Suzanne Moreno,richardtravis@example.net,2024-08-29
364,Melissa Noble,millereileen@example.net,2024-03-09
365,Stephanie Middleton,adamstout@example.org,2024-08-19
366,Robert Brown,devans@example.net,2025-03-09
367,Nathan Ochoa,mark83@example.net,2024-05-15
368,James Williams,walter46@example.org,2024-03-15
369,Vincent Yang,ttodd@example.com,2024-11-27
370,Lisa Murphy,agonzales@example.net,2024-09-12
371,Tina Bell,curtis01@example.com,2024-06-03
372,James Zuniga,jessica84@example.net,2023-05-05
373,Laura Dyer,dwu@example.net,2023-08-14
374,Dr. Willie Barr DDS,davidbruce@example.net,2025-03-18
375,James Grant,sreyes@example.org,2023-05-07
376,Jeffrey Oconnell,lisaholmes@example.com,2023-04-27
377,Mr. Corey Hickman,cervantespatricia@example.net,2023-11-26
378,Bryan Rodriguez,hcochran@example.net,2023-10-05
379,Robert Russo,leestephanie@example.com,2024-09-29
380,Kari Bass,tamaramartin@example.org,2024-10-23
381,Christina Hill,kristinawilliams@example.org,2025-03-12
382,Zachary Dominguez,moorephillip@example.net,2024-05-19
383,Amy Leon,oevans@example.org,2023-09-24
384,Jason Dennis,julie99@example.org,2023-09-15
385,Alexander Anderson,tshea@example.org,2023-10-01
386,David Morton,jennifer71@example.com,2025-02-19
387,Jason Davenport,andrewalexander@example.com,2025-01-13
388,Debbie Holland,janepayne@example.com,2024-10-09
389,Richard Anderson,sanchezshawn@example.net,2023-05-19
390,Brian Washington,vleon@example.com,2023-05-18
391,Dominique Lloyd,gpadilla@example.org,2024-11-06
392,Anne Hamilton,shannon55@example.com,2023-11-12
393,Veronica Wolf,rvaughn@example.net,2023-07-25
394,Carmen Hunter,denise24@example.org,2025-04-07
395,Kristin Thomas,lori72@example.com,2024-02-05
396,William Scott,oscar08@example.net,2024-03-04
397,Madeline Simmons,catherinerodriguez@example.com,2023-12-01
398,Amber Williams,andersonvincent@example.org,2024-04-02
399,Jennifer Cooper,jcook@example.com,2025-01-10
400,Jillian Lee,polsen@example.org,2023-06-15
401,Joshua Cooper,robert66@example.com,2024-02-18
402,Robert Salinas,zrojas@example.net,2023-12-07
403,David Thompson,tinavalencia@example.org,2023-04-26
404,George Savage,brittanyrussell@example.org,2023-07-03
405,William Garcia,yjones@example.net,2024-06-21
406,David Perez,rodriguezjessica@example.net,2023-08-04
407,Madison Mendoza,rodriguezbrian@example.net,2024-06-21
408,Christopher Hernandez,zbennett@example.com,2024-01-03
409,Sharon Hood MD,gregorymalone@example.com,2025-03-08
410,Adam Mcdonald,ruth92@example.org,2024-09-28
411,Drew Bruce,gwatts@example.org,2024-01-23
412,Andrea Navarro,vgarcia@example.net,2023-07-17
413,Joyce Chen,kathleen44@example.net,2023-05-21
414,Eric Harris,julie73@example.org,2023-06-09
415,Kendra Mata DDS,sanchezroger@example.org,2024-04-06
416,Tracy Allen,heather50@example.net,2024-08-12
417,Angela Sanchez,jamiegray@example.org,2025-01-12
418,Steven Barron,jermainemontgomery@example.org,2024-09-09
419,Michael Roberts,martinezlisa@example.net,2024-05-24
420,Katelyn Riley,carteralbert@example.com,2025-03-20
421,James Harris,osmith@example.net,2024-01-22
422,Dr. Karen Mccoy,marymartin@example.net,2023-06-08
423,Rodney Lopez,brownernest@example.org,2023-09-15
424,Brett Allen,stevensdenise@example.net,2024-11-25
425,George Sandoval,charlesoconnor@example.org,2023-09-30
426,Michael Roman,wschwartz@example.org,2024-12-11
427,Douglas Smith,benjamin54@example.org,2023-10-21
428,Patrick Taylor,georgevance@example.com,2024-12-29
429,David Carpenter,jerry89@example.net,2024-07-21
430,Cynthia Miller,shelby51@example.com,2024-09-14
431,David Shelton,vphillips@example.net,2024-11-17
432,Tonya Cunningham,ccook@example.org,2024-12-26
433,Janice Griffith,rgill@example.net,2025-04-01
434,Amy Johnson,suzanne81@example.net,2024-04-05
435,Holly King,clarkepatrick@example.com,2023-11-16
436,Kelsey Prince,erikmclaughlin@example.com,2025-03-18
437,Robert Savage,tmeza@example.com,2024-01-05
438,Evan Hanson,qlopez@example.net,2024-07-23
439,Laura Compton,sylvia96@example.org,2024-08-15
440,Patricia Williams,alexa69@example.net,2023-10-05
441,Linda Cooper,phillipsamanda@example.net,2023-12-19
442,Jodi Foster,eric62@example.com,2023-06-30
443,Sarah Perez,shanebaxter@example.net,2025-04-07
444,Kathleen Johnson,kathleenjones@example.com,2024-04-17
445,Taylor Wagner,ashleybarker@example.net,2023-10-06
446,Sara Rhodes,dcook@example.com,2023-12-14
447,William Richards,jenkinscurtis@example.com,2023-06-11
448,Elizabeth Cox,brianna33@example.com,2023-07-21
449,Robert Hayes,jonesjoseph@example.com,2024-08-17
450,Matthew Anderson,david94@example.com,2025-04-08
451,Taylor Davis,afigueroa@example.com,2025-03-21
452,Ross Guerrero,williamatkins@example.com,2023-12-08
453,Vanessa Haynes,sanderswhitney@example.net,2024-09-27
454,Stacey Coleman,ingramchad@example.org,2023-07-18
455,Elizabeth Moody,carsoncrystal@example.org,2023-08-26
456,Ryan Johnson,ojenkins@example.com,2024-03-10
457,Felicia Hess,smithkirk@example.net,2023-12-15
458,Alex Meadows,cathy21@example.com,2024-09-24
459,Katrina Travis,nguyenmichael@example.com,2023-10-05
460,Sandra Dixon,amy52@example.com,2024-03-10
461,Lori Holmes,michelleroberson@example.com,2024-11-25
462,Randy Armstrong,damongraves@example.net,2024-03-04
463,Michael Clark,emma16@example.com,2024-12-23
464,Sydney Conway,emills@example.net,2023-06-12
465,Amber Williams,bryanthomas@example.com,2024-05-26
466,Shannon Sanders,kerrihammond@example.net,2024-10-25
467,Latoya Ball,hernandezjeff@example.org,2023-07-25
468,Anthony Sullivan,sruiz@example.net,2023-08-26
469,Sheri Rhodes MD,amanda73@example.com,2024-10-10
470,Leslie Tran,mikecolon@example.com,2024-08-17
471,Victoria Moreno,xbates@example.com,2025-02-04
472,Philip Weber,watsonmaria@example.com,2024-11-02
473,Brenda Gould,qmurphy@example.net,2023-11-20
474,Melissa Garcia,wilsonrobert@example.com,2025-03-14
475,Kayla Hughes,christophergreen@example.com,2023-05-10
476,Anthony Brown,colekenneth@example.net,2023-07-14
477,Timothy Harris,orobertson@example.com,2023-05-04
478,Michelle Ramirez,ronald28@example.org,2024-10-31
479,Thomas Barr,samantha95@example.net,2024-02-02
480,Michael Wheeler,shannonhunter@example.net,2023-12-04
481,Jeremy Price,aliciamiller@example.org,2024-03-20
482,Cynthia Decker,tlewis@example.com,2024-04-09
483,Dr. Paula Davis,christophersmith@example.org,2023-09-11
484,Martha Gomez,davidclayton@example.org,2023-08-14
485,Nicholas Scott,edwardssamantha@example.org,2025-03-21
486,Tony Smith,lori71@example.com,2023-04-18
487,Michael Mayo,thammond@example.net,2024-05-09
488,Dylan Rose,lori54@example.org,2023-10-30
489,Andrew Anderson,qhill@example.org,2025-02-13
490,Samuel Ellis,michael53@example.com,2023-05-27
491,Karen Bush,laurenromero@example.com,2024-03-24
492,Daniel Johnson,scott08@example.net,2023-07-09
493,Kenneth Brewer,runderwood@example.com,2024-06-12
494,Tiffany Wallace,goodkelly@example.org,2024-02-23
495,Kelly Kennedy,fordlatoya@example.com,2023-07-06
496,Jeffrey Rose,alexisdean@example.com,2024-02-04
497,Kenneth Pennington,kendradavis@example.com,2023-11-24
498,Sierra Neal,connie51@example.org,2025-01-27
499,Robert Hooper,phillipskristina@example.org,2023-12-28
500,Jeffrey Steele,kim17@example.org,2024-10-21
501,Felicia Johnson,cthornton@example.net,2025-02-24
502,Melissa Rodgers,qpoole@example.org,2024-02-07
503,Lisa Phillips,rlopez@example.net,2024-09-01
504,Luis Miles,stewartdonna@example.com,2024-09-10
505,Kenneth Love,jillhunter@example.org,2023-09-13
506,Robert Parker,sandraclark@example.org,2024-11-28
507,Karen Mckee,fernandezmichael@example.net,2025-03-25
508,Rebecca Green,atkinselizabeth@example.org,2024-07-08
509,Amanda Murphy,hfuller@example.net,2024-02-10
510,Amy Massey,kellyhannah@example.com,2023-09-09
511,Jay Garcia,penny52@example.org,2023-05-24
512,Andrea Haynes,roberto42@example.org,2024-04-23
513,Mikayla Smith,jasonchapman@example.org,2024-07-23
514,Vincent Higgins,gmcintyre@example.com,2024-07-13
515,Heather Mullen,ztrevino@example.org,2023-10-10
516,Jerome Fuller,bradleyashley@example.net,2024-07-14
517,Vanessa Sullivan,lfrench@example.net,2023-07-16
518,Brandon Klein,theresajimenez@example.org,2023-05-26
519,Nicole Chang,wnelson@example.com,2024-09-05
520,Jennifer Davis,orivera@example.org,2024-06-18
521,Charles Schmidt,mayodavid@example.net,2023-07-09
522,Mark Patterson,williamsgary@example.com,2025-03-13
523,Jeanette Poole,bakermichael@example.net,2023-10-11
524,Jennifer Rogers,jason60@example.org,2024-09-25
525,Tiffany Eaton,edwardswilliam@example.org,2024-07-13
526,Richard Ortiz,paulakirk@example.org,2023-06-02
527,Charles Mckee,lovejoshua@example.net,2023-10-11
528,Amy Jensen,masonanita@example.net,2025-02-18
529,Frances Hansen,meyerrebecca@example.net,2024-03-28
530,Jessica Bailey,sweeneylisa@example.net,2023-06-18
531,Richard Brown,kennedyrobin@example.org,2024-07-11
532,Kevin Manning,jeffreygoodman@example.org,2025-01-20
533,Ronald Banks,cheyenne88@example.com,2023-04-18
534,Melissa Whitehead,william28@example.net,2023-09-26
535,Justin Harding,ana81@example.net,2024-06-05
536,Keith Page,aliciaford@example.org,2024-11-18
537,Victoria Wilson,ochen@example.net,2024-02-07
538,William Hahn,jenniferdiaz@example.net,2024-04-18
539,Bryan Murphy,taylorbreanna@example.com,2023-10-19
540,Edward Reyes,snyderdustin@example.com,2023-07-26
541,Aaron Wang,zrivera@example.org,2023-07-22
542,Jason Dudley,tracey24@example.com,2025-03-26
543,Douglas Cowan,carmenblair@example.org,2023-05-01
544,Carla Turner,leslie85@example.com,2023-08-31
545,Amy Bush,gonzalezcharles@example.org,2025-01-23
546,Jessica Kirk,terri65@example.net,2024-02-14
547,Edward Morrison,vsmith@example.org,2025-04-04
548,Brittany Robinson,zmathis@example.net,2024-07-25
549,Michael Ritter,jsanchez@example.com,2023-06-22
550,Nathan Singh,jamie17@example.org,2025-01-24
551,Anna Zhang,leejoshua@example.org,2023-05-03
552,John Miller,jennifer99@example.com,2024-07-01
553,Andrew Grimes,rmcgee@example.com,2023-04-12
554,Jessica Howell,scott65@example.org,2024-02-29
555,Alicia Weaver,richardmarshall@example.net,2025-01-14
556,David Lin,edwardsjohn@example.org,2023-10-20
557,Steven Kidd,luisgarcia@example.org,2023-07-01
558,Christina Smith,jamesfuentes@example.org,2024-06-09
559,Lori Sanders,twilliams@example.net,2024-03-11
560,Misty Reed,dcox@example.org,2025-03-12
561,Andrea Thompson,monica17@example.com,2023-12-24
562,John Bowman MD,logandavid@example.net,2024-01-02
563,Charles Carr,charlesfischer@example.net,2023-08-21
564,David Phelps,rosscharles@example.com,2024-02-09
565,Joshua Foley,watkinsjasmine@example.net,2024-06-16
566,Brian Perez,john03@example.org,2024-09-23
567,Jeffrey Mendoza,ruizcharles@example.com,2023-07-07
568,Dawn Hicks,victoriawatson@example.net,2024-04-07
569,Ashley Rosario,gconway@example.org,2024-05-27
570,Robin Nguyen,david48@example.net,2023-06-05
571,Joshua Williams,lawsontim@example.net,2023-08-14
572,Catherine Harvey,brownjessica@example.net,2024-02-19
573,Grant Woods,ericabrown@example.com,2025-03-09
574,David Buckley,bhobbs@example.com,2025-03-31
575,Valerie Waters,darrylsantos@example.net,2023-12-27
576,Frances Young,amanda67@example.net,2024-12-15
577,Bethany Silva,martinezrobin@example.com,2025-03-24
578,Tina Vincent,aaron56@example.net,2025-03-17
579,Scott Hansen,djones@example.net,2023-11-05
580,Brittany Mcdowell,ronaldroy@example.com,2024-02-01
581,David Berry,michaelhernandez@example.net,2024-02-14
582,Shannon Rasmussen,michael55@example.com,2023-09-09
583,Christopher Russell,geraldlopez@example.com,2024-01-27
584,John Farley,joseph36@example.net,2023-07-19
585,Jennifer Sparks,wgarza@example.net,2024-05-17
586,Tara Horne,rhonda74@example.com,2024-09-26
587,Gregory Hall,dolson@example.org,2024-12-05
588,Brittany Hurst,holly62@example.com,2023-11-09
589,Leonard Gomez,mccoyjames@example.net,2024-02-17
590,Paula Alexander,nicoleschroeder@example.net,2025-02-11
591,Amanda Small,fthomas@example.org,2024-02-19
592,Brian Ryan,davidsmith@example.net,2025-02-12
593,Amber Dean,nancy08@example.net,2024-11-21
594,Mary Henry,jacobsmatthew@example.org,2023-07-30
595,Mrs. Jennifer Scott,feliciacook@example.org,2024-01-27
596,Katherine Arnold,slopez@example.com,2025-03-15
597,Latasha Jones,greennicholas@example.com,2023-07-21
598,Alisha Garcia,housemiguel@example.org,2024-03-05
599,Joseph Guerrero,jenniferbradley@example.net,2023-10-27
600,Patrick Little,debrahernandez@example.net,2025-03-01
601,Thomas Jones,ldavis@example.net,2024-11-15
602,Joshua Benjamin,travisstephens@example.org,2024-12-28
603,Robert Love,reevesdanielle@example.com,2024-06-22
604,Julie Harris,odavis@example.org,2023-07-26
605,Christine Lopez,jordan87@example.org,2024-08-18
606,Oscar Swanson,marthafrederick@example.org,2024-02-04
607,Nicole Taylor PhD,janet71@example.org,2024-11-12
608,Donna Holland,vincent13@example.net,2023-05-15
609,Mark Howard,vwalters@example.com,2024-01-11
610,Kimberly Mcmahon,cody44@example.com,2023-08-10
611,Elizabeth Evans,denniskimberly@example.org,2024-07-24
612,Brandy Little,nvelazquez@example.com,2024-05-08
613,Samuel Johnson,sharonhart@example.com,2024-02-01
614,Taylor Simon,gortega@example.net,2023-09-19
615,Joan Russell,mcknightstacy@example.org,2024-01-28
616,Joseph Martin,gparsons@example.net,2023-10-24
617,Jason Snyder,james86@example.net,2024-06-08
618,April Morgan,lvillanueva@example.org,2024-06-13
619,Donna Martinez,whiteeric@example.com,2023-07-29
620,Kent Mitchell,gillespielucas@example.org,2023-05-12
621,Dawn Ford,jennifer65@example.org,2024-05-24
622,Maurice Lee,hchapman@example.com,2024-05-13
623,Susan Anderson,ashley91@example.net,2025-02-11
624,Jill Bray,lori17@example.net,2024-10-09
625,Suzanne Tucker,hardyernest@example.org,2024-01-07
626,Jose Gross,emily53@example.com,2023-08-02
627,John Jones,joshuadelgado@example.com,2023-09-14
628,Jonathan Thomas,terrianderson@example.net,2024-07-05
629,Makayla Wagner,rduncan@example.net,2023-08-15
630,Nicole Glover,james98@example.net,2024-10-26
631,Roy Harris,ubrandt@example.net,2023-06-28
632,Dr. William Harris,jasonbass@example.com,2024-08-13
633,Shelley Conley,sharonmoore@example.net,2024-03-09
634,Christopher Patrick,xgregory@example.org,2025-01-28
635,Julie Hicks DDS,pamela35@example.org,2023-12-12
636,Carrie Reid,bwells@example.org,2024-10-09
637,Richard Clark,pthompson@example.org,2025-03-05
638,Ryan Mcclure,perezandrew@example.net,2024-08-17
639,Bradley Austin,dawnscott@example.org,2024-03-03
640,Alexandra Wells,wilsondavid@example.com,2025-04-03
641,Alicia Robinson,tiffanymorse@example.org,2024-10-14
642,Scott Mullen,rcastillo@example.com,2025-03-16
643,Belinda Todd,ubanks@example.org,2023-06-02
644,Andrew Jennings,colleen50@example.com,2023-11-11
645,Michael Brown,qrodriguez@example.org,2024-10-30
646,Wendy Cox,hburgess@example.org,2024-02-21
647,Reginald Stuart,acoleman@example.org,2024-09-09
648,Nicholas Bridges,antoniocollins@example.net,2024-04-12
649,Alicia Carroll,sfranco@example.net,2025-01-16
650,Angel Tanner,clarkamanda@example.org,2024-02-15
651,Steven Morris,hannah12@example.org,2024-04-27
652,Ryan Cervantes,valenzuelakimberly@example.org,2024-01-13
653,Diana Barber,foxstacey@example.com,2023-09-25
654,Mark Gutierrez,danielle50@example.org,2024-05-15
655,Natalie Marshall,ealexander@example.net,2024-08-15
656,Cameron Hill,torressamuel@example.net,2023-05-24
657,Howard Patterson,leonardjustin@example.com,2024-10-23
658,Stephen Weaver,jacksondana@example.net,2025-02-23
659,Megan Meyers,smithdonna@example.org,2023-05-27
660,Andre Hunt,hillkimberly@example.net,2023-11-22
661,David Martinez,meyergina@example.org,2024-02-09
662,Jerry Rodriguez,ctucker@example.org,2024-06-26
663,John Velasquez,kevans@example.org,2024-12-13
664,Brooke Smith,boyerlaura@example.com,2024-06-06
665,Derek Porter,lindacarr@example.net,2023-09-12
666,Meghan Mcdowell,fjohnson@example.com,2023-05-27
667,Ronald Flores,mary32@example.com,2024-01-06
668,Judith Johns,qschroeder@example.org,2024-07-06
669,Peter Norris,knicholson@example.net,2023-07-08
670,Katherine Smith,amber79@example.com,2024-01-17
671,Amanda Graham,mathewsclifford@example.org,2025-03-30
672,Angela Gregory,ambertorres@example.net,2023-08-05
673,Joseph Lester,okeith@example.org,2025-02-03
674,Jeffery Alexander Jr.,rileypaul@example.org,2024-04-15
675,Nicole Smith,philipjames@example.org,2024-05-30
676,Thomas Patel,roycardenas@example.org,2024-09-05
677,Michael Adams,charleswilliams@example.net,2024-06-06
678,Tyler Jensen,dixongeorge@example.com,2023-08-22
679,Hayley Porter DDS,sellersmark@example.com,2024-06-11
680,Charles Buck,frederickpowell@example.net,2024-01-11
681,Brittany Hopkins,randy91@example.net,2024-09-07
682,Christina Horton,ingramcarrie@example.org,2023-07-03
683,April Walter,gallagherscott@example.net,2024-06-23
684,Laura Sanchez,bradley32@example.org,2025-01-24
685,Stacy Matthews,michaelfoley@example.com,2025-03-11
686,Danielle Booker,carrie01@example.org,2025-03-30
687,Toni Reed,timothywilliams@example.net,2024-02-15
688,Cynthia Thomas,amber09@example.com,2023-09-19
689,Tammy Doyle,christophermartinez@example.com,2024-03-07
690,Samantha Miranda,karen89@example.org,2023-07-15
691,Shelly Erickson,ydavis@example.com,2023-12-10
692,Mary Hogan,pclark@example.com,2024-05-08
693,Cynthia Barnes,juanjohnson@example.com,2023-08-14
694,Rebecca Martin,steven06@example.com,2024-06-30
695,Anthony Reyes,lauriemoreno@example.org,2024-05-24
696,Sean Schroeder,crystalhendrix@example.net,2024-05-27
697,Jerry Hess,wesley26@example.net,2024-12-08
698,Steve Gonzales,shawnbell@example.com,2025-02-01
699,Lisa Jones,ngonzalez@example.com,2023-07-30
700,Kristin Price,umoore@example.net,2024-02-06
701,Alexandra Lee,dellis@example.net,2023-05-28
702,Marie Rogers,stephanie27@example.com,2025-01-26
703,Michelle Gaines,calvin95@example.org,2024-12-23
704,Preston Molina,pjohnson@example.com,2023-05-21
705,Angela Watson,kathrynosborne@example.org,2024-10-17
706,Denise Howard,alicia17@example.com,2024-09-25
707,Rachel Robinson,tchoi@example.net,2025-01-18
708,Mary Sharp,ramosmarc@example.com,2024-03-08
709,James Mullen,kimberly27@example.net,2024-04-08
710,Patrick Black,hernandezdarryl@example.org,2023-07-31
711,Brian Leonard,jennifer16@example.net,2023-12-13
712,Christine Thompson,nbutler@example.net,2023-10-18
713,Frank Rodgers,fherrera@example.org,2025-03-14
714,Ronnie Webb,cmiller@example.com,2023-12-20
715,Jessica Ramirez,blairethan@example.com,2024-01-21
716,Keith Cruz,cabrerajulie@example.net,2024-05-14
717,Robert Griffin,johnsonsara@example.com,2023-08-04
718,Joshua Alexander,antoniobrooks@example.org,2024-09-05
719,Tanner Drake,eric31@example.org,2024-07-01
720,Jennifer Tate,thomaswalker@example.net,2024-03-08
721,Stacey Gonzalez,ejones@example.net,2023-10-12
722,Mary Guzman,ajones@example.com,2024-10-04
723,Susan Obrien,charles30@example.net,2024-05-08
724,Henry Cooley,jhenderson@example.org,2024-01-14
725,Cheryl Jackson,scott45@example.com,2024-04-14
726,Ryan Montes,vrice@example.org,2024-01-17
727,Lauren Mcbride,agonzalez@example.org,2024-02-02
728,Janet Thompson,robert73@example.com,2023-11-14
729,Scott Shepherd,timothy30@example.org,2023-11-13
730,John Galloway,davidmclaughlin@example.org,2024-04-07
731,Dr. Eric Jones,scottmichelle@example.org,2023-10-24
732,Robert Long,donna10@example.com,2024-07-13
733,Yolanda Oconnor,vrodriguez@example.com,2023-05-08
734,Darryl Howard,bensontammy@example.com,2023-07-11
735,Jeremy Ross,waltersmichael@example.net,2023-08-30
736,Tina Dixon,amyballard@example.net,2025-02-25
737,Bryan Harrison,heather98@example.org,2024-09-04
738,Brandon Lynch,jonesbrittney@example.org,2023-06-18
739,Russell Townsend,riverajason@example.net,2024-10-04
740,Kyle Nguyen,ydouglas@example.org,2025-02-11
741,Christopher Doyle,dterry@example.net,2023-05-11
742,Robert Mueller,mmaxwell@example.org,2024-04-07
743,Natalie Zimmerman,colehall@example.net,2024-03-09
744,Joshua Logan,bcox@example.com,2023-04-17
745,Mrs. Brooke Willis,fknight@example.net,2024-01-18
746,Jessica Chambers,katrinabarnes@example.net,2024-10-29
747,Christian Anderson,kle@example.com,2023-10-30
748,Daniel Lam,janet23@example.com,2024-11-14
749,Michael Rogers,tiffanysalazar@example.net,2024-04-19
750,Andrea Harris,christopheredwards@example.net,2024-02-27
751,Jason Glass,griffinjeremy@example.net,2025-02-06
752,Patricia Duarte,carlos66@example.com,2024-05-19
753,Mark Bennett,velasquezscott@example.org,2023-06-30
754,Patricia Evans,jamesjackson@example.net,2025-02-07
755,Barbara Spencer,jonathanperez@example.net,2023-10-05
756,Paige Zimmerman,kaiserpaul@example.org,2024-09-29
757,Jose Noble,jennifer76@example.org,2023-10-11
758,Ann Schultz,ysnyder@example.org,2024-04-19
759,Stacey Bass,mendezchristina@example.com,2024-10-19
760,John Lang,harriskatherine@example.org,2024-12-08
761,Martha Shah,lori90@example.net,2025-03-29
762,Catherine Wood,jamesholland@example.org,2024-06-22
763,Grant Barrett,rsolomon@example.org,2025-03-05
764,Michael Black,bellscott@example.org,2023-05-05
765,Gail Kim,acardenas@example.com,2023-12-18
766,Vincent Beasley,jasonreyes@example.net,2024-07-20
767,Jennifer Garcia,zachary04@example.net,2024-08-08
768,Dr. Jeffrey Butler,nicole92@example.net,2024-09-10
769,Meagan Walsh,vincentheather@example.com,2024-08-13
770,Stephanie Ramos,bmiles@example.org,2025-01-19
771,Dr. Samantha Ayala,wstewart@example.org,2023-06-13
772,Jay Pruitt,melanie81@example.net,2024-05-20
773,Frank Gutierrez III,jennifer52@example.com,2023-09-28
774,Stephen Fuller,robertwells@example.org,2024-06-12
775,Michael Glenn,paulhickman@example.com,2023-07-19
776,Paul Brown,csanchez@example.net,2025-02-20
777,Henry Landry,alvarezjackie@example.org,2024-09-14
778,Candice Robles,daniel07@example.net,2025-02-13
779,Linda Navarro,xhuber@example.com,2023-04-17
780,Jeffrey Parker,tracy78@example.com,2023-07-03
781,Brian Thomas,vcampbell@example.org,2024-12-24
782,Donna Rogers,stanleyallison@example.net,2025-02-28
783,Alexis Brewer,jbailey@example.com,2024-06-21
784,Teresa Marquez,wthomas@example.org,2025-04-08
785,Charles Lee,jeffrey60@example.com,2024-11-27
786,Deborah Calhoun,pweber@example.com,2024-06-08
787,Rhonda Jackson,bradshawjeffrey@example.com,2024-02-17
788,Robert Odom,diazclifford@example.com,2024-08-10
789,Matthew Murray,sotocarly@example.com,2024-05-29
790,Gary Reed Jr.,kelly80@example.com,2023-07-28
791,Daniel Cook,matthewschultz@example.net,2024-11-11
792,Jose Brown,jacquelinekelly@example.org,2023-10-05
793,Raymond Mcgee,michael80@example.org,2023-09-13
794,Pamela Washington,karenburke@example.com,2023-07-30
795,David Johnson,tmoreno@example.com,2023-10-22
796,Joseph Hartman,martinezhunter@example.net,2023-10-04
797,David Shields,vchambers@example.net,2024-07-15
798,Justin Sheppard,angelawashington@example.net,2023-05-26
799,Anita Jones,weissemily@example.org,2025-02-02
800,Charles Leach,cindybrooks@example.net,2023-06-13
801,Lisa Coleman,jessica42@example.net,2023-05-15
802,Luis Washington,nallen@example.org,2024-01-27
803,Terri Morales,baileydonald@example.org,2024-07-29
804,Michael Lewis,karen69@example.com,2023-12-14
805,Gregory Shaw,gregory69@example.com,2023-05-22
806,Shawn Mccoy,annettebooth@example.org,2023-04-11
807,Rachel Brown,austin66@example.org,2024-11-10
808,Danielle Hill,tina69@example.com,2024-01-20
809,Nicole Oliver,williamselaine@example.com,2025-01-14
810,Christian Wilson,michelle27@example.net,2024-11-10
811,Renee Flynn,saraking@example.com,2024-05-14
812,Katelyn Byrd,rodriguezjuan@example.com,2023-12-20
813,Dana Harris,stephanie37@example.com,2023-07-21
814,Dr. Marc Woodard III,crystal70@example.net,2024-11-18
815,Barbara Moore,lisa27@example.net,2025-02-09
816,Jessica Mitchell,heather51@example.net,2024-01-05
817,Michelle Morales,harrisondwayne@example.com,2023-11-24
818,Nicholas Burke,srussell@example.com,2024-02-26
819,Elizabeth Kramer,cameron25@example.net,2024-01-09
820,Robert Thomas,ashley05@example.org,2024-04-25
821,Anna Turner,freemanwilliam@example.org,2025-03-29
822,Kenneth Brooks,cunninghamalex@example.net,2023-08-04
823,Stacy Shaw,moorecrystal@example.net,2024-12-12
824,Rachel Baker,chenstephanie@example.org,2024-10-10
825,Joshua Peterson,kelly81@example.com,2024-07-14
826,Richard Patrick,saundersbrandy@example.org,2024-05-25
827,Martin Byrd,wayne86@example.com,2024-09-05
828,Anthony Nolan,staceyreyes@example.com,2023-06-28
829,Allison Miller,martindennis@example.org,2025-01-06
830,Rhonda Harris,derek74@example.org,2024-05-14
831,Amanda Peters,stephanie11@example.com,2023-12-20
832,Amanda Lane,bmoore@example.com,2024-11-13
833,Sandra Ruiz,fieldskelly@example.net,2025-01-23
834,Kirsten Burnett,coletanya@example.net,2024-05-07
835,James Rivas,meganstone@example.net,2024-01-21
836,Joshua Sanchez,fmoreno@example.net,2023-09-05
837,Laura Williams,anthony40@example.net,2023-06-24
838,Kimberly Robbins,mary56@example.org,2023-11-02
839,Robert James,hbeck@example.org,2024-09-09
840,Amanda Wang,ryandean@example.com,2023-09-29
841,Margaret Reynolds,iphillips@example.org,2025-02-09
842,Kristine Edwards,kingjoshua@example.com,2023-04-30
843,John Olsen,fernandezjoseph@example.org,2023-04-24
844,Anne Gross,krodriguez@example.net,2024-09-11
845,Leah Reynolds,gomezstephen@example.com,2023-06-07
846,Tyler Collins,deborah19@example.org,2023-12-06
847,David Robinson,rodriguezlee@example.com,2025-01-16
848,Crystal Pollard,jeffreymoss@example.org,2023-07-31
849,Joshua Carlson,evan16@example.net,2023-10-17
850,Karen Burgess,hurstanthony@example.com,2024-12-21
851,Brenda Davis,justin32@example.net,2023-09-27
852,Raymond Woodward,cobbmichele@example.com,2023-07-06
853,Gloria Burton,hamiltonamber@example.org,2023-05-29
854,Robert Walker,lallen@example.net,2024-03-09
855,Frank Miller,stevenjohnson@example.com,2024-11-11
856,Bradley Myers,steveshields@example.net,2023-07-03
857,Brandon Mccoy,ambersmith@example.net,2023-10-24
858,Hannah Moore,ybarnes@example.net,2023-10-15
859,Erika Nguyen,tayloramy@example.com,2024-10-05
860,David Hebert,nguyentimothy@example.net,2023-05-23
861,Travis Matthews,utran@example.net,2025-03-15
862,Juan Rivera,larry83@example.net,2023-10-30
863,Aaron Marsh,reedjames@example.net,2024-01-30
864,Jennifer Allen,crystal03@example.com,2023-11-19
865,Kevin Hughes,afreeman@example.net,2024-12-07
866,Mark Bauer,sanchezbrian@example.com,2023-08-06
867,David Moses,mcguiredavid@example.com,2023-11-12
868,Emily Cordova,dawn58@example.net,2023-12-23
869,Lisa Hartman DVM,benjamincabrera@example.org,2023-10-02
870,Shannon Mccoy,tpetersen@example.com,2024-12-24
871,Nina Reed,whitakerstanley@example.com,2023-05-10
872,Gabrielle Banks,lopezjimmy@example.com,2024-02-03
873,Kathleen Wright,amanda05@example.org,2024-06-18
874,Ethan Wolfe,emily74@example.net,2023-12-18
875,William Hale,jenkinspamela@example.org,2025-03-17
876,Debra Henry,rmills@example.org,2024-08-29
877,Brianna Daniels,timothysantos@example.org,2023-06-12
878,Scott Olson,charles80@example.net,2025-03-06
879,John Saunders,wallwilliam@example.org,2024-12-11
880,Steven Frost,robert39@example.net,2024-09-16
881,Ana Johnson,ginacastillo@example.com,2024-12-04
882,Katherine Gordon,vincentjoshua@example.org,2024-01-02
883,Kelly Hodge,andersonchristine@example.org,2024-09-23
884,Alicia Johns,paulkelly@example.org,2024-09-17
885,Jasmine Cantu,ronaldnguyen@example.org,2023-10-12
886,Brandy Smith,ucarlson@example.org,2023-09-12
887,Ryan Myers,michellescott@example.net,2024-06-15
888,Jacqueline Kelly,andreacook@example.org,2025-04-06
889,Jessica Peck,brittany51@example.com,2023-05-30
890,Gerald Banks,briannasmith@example.net,2024-05-23
891,Christina Roberts,rosariorobert@example.org,2024-06-29
892,Lauren Williams,ujohnson@example.com,2024-08-02
893,Tammy Macias,thomas21@example.net,2024-01-07
894,Caroline Carter,myork@example.net,2024-10-01
895,Michael Sharp,zramsey@example.net,2024-04-26
896,Deborah Jenkins,mvillegas@example.org,2023-08-25
897,Sarah Marsh,fritzblake@example.com,2024-02-07
898,Cheryl Adams,tommyaustin@example.org,2024-07-04
899,Brady Gibson,keithlarson@example.org,2024-03-16
900,Shannon Thompson,robinsondonna@example.org,2024-05-15
901,Kristen Flores,barberdarrell@example.net,2024-03-25
902,Shane Turner,kyle87@example.net,2024-06-04
903,Heather Henderson,nfloyd@example.com,2023-06-02
904,Alexandra Turner,jessica62@example.com,2024-07-10
905,Denise Palmer,kingaaron@example.net,2023-12-24
906,Anthony Lucas,meganallen@example.com,2024-11-28
907,Natalie Sanford,mgraham@example.com,2023-07-30
908,Jennifer Acosta,mistycharles@example.net,2023-05-31
909,Christopher Smith,ian33@example.com,2025-01-18
910,Emily Rivera,jacobsstephanie@example.net,2023-08-25
911,Judy Miller,tiffany55@example.org,2023-09-10
912,Tanner Davidson,ashley48@example.net,2025-01-21
913,Lori Howard,robingibson@example.net,2023-07-07
914,Richard Johnson,scottmarshall@example.net,2023-12-03
915,Ricardo Lane,nathan32@example.com,2024-03-04
916,Ian Murray,jacobgriffin@example.net,2023-07-27
917,Gary Hill,flopez@example.org,2023-08-15
918,Daniel Davis,whiteaaron@example.org,2025-03-18
919,Michael Austin,deanna74@example.org,2024-12-22
920,Matthew Walker,lynnwilkinson@example.net,2024-06-18
921,Erica Underwood,johncruz@example.net,2024-05-22
922,Shawn Ayala,jimenezeric@example.com,2023-08-17
923,Brittany Woods,adamspam@example.net,2024-01-20
924,Jose Hunt,staceyhickman@example.com,2024-09-08
925,Amy Harrison,leenicholas@example.org,2024-07-25
926,Frank Diaz,robertstracey@example.org,2024-03-05
927,Tamara Martin,benjaminlester@example.org,2023-06-30
928,Taylor Nelson,rachel25@example.com,2023-05-23
929,Chase Owens,nicolemoreno@example.net,2023-09-11
930,Susan Johnson,nancy29@example.com,2024-09-16
931,Tony Hernandez,holly22@example.org,2025-01-28
932,Elizabeth Reid,william28@example.com,2024-12-12
933,Juan Byrd,riveraronnie@example.net,2024-07-02
934,Nichole Hudson,orosario@example.net,2023-06-05
935,Lee Perez,kbuck@example.net,2024-03-11
936,Faith Hobbs,gharper@example.org,2025-02-01
937,James Smith,wrightnoah@example.org,2023-12-16
938,Janice Ross,kennethnelson@example.com,2023-08-22
939,William Paul,rubengomez@example.net,2024-04-01
940,Sean Trujillo,charlesholmes@example.com,2023-11-19
941,Donna Cannon,kenneth87@example.org,2023-10-26
942,Mr. Bobby Ballard,elijah28@example.net,2023-07-26
943,Richard Martinez,bryan91@example.net,2023-05-09
944,Monica Carson,james29@example.net,2023-11-07
945,Leah Miller,smithdaniel@example.org,2024-01-04
946,Jonathan Hart,jason21@example.org,2023-12-25
947,Morgan Perez,gary98@example.net,2023-12-20
948,Christopher Murphy,vickie95@example.org,2024-07-14
949,Dr. Manuel Jones,rrodriguez@example.net,2024-07-18
950,Joshua Trujillo,cwise@example.net,2024-05-07
951,Jonathan Baxter,drodriguez@example.net,2023-11-02
952,Michael Olson,matthewfarley@example.com,2024-11-01
953,Drew Lane,wandalane@example.net,2024-05-18
954,Anne Wilson,christinenewman@example.net,2024-08-14
955,Kathryn Chan,seanking@example.com,2023-06-09
956,Melissa Scott,vhansen@example.org,2025-04-03
957,Amanda Huang,jacqueline52@example.net,2024-11-17
958,Lisa Martinez,csalazar@example.net,2024-04-11
959,Keith Hall,matthewsdavid@example.com,2024-02-11
960,Richard Mcgrath,blaketara@example.com,2024-04-28
961,John Black,jacobssamantha@example.org,2024-09-17
962,Bradley Bauer,charlesmcguire@example.net,2024-06-01
963,Janet Fernandez,lisa16@example.net,2023-12-11
964,Clayton Washington,austincraig@example.com,2025-01-18
965,Walter Murray,whitedonald@example.org,2024-07-23
966,Tracy Brewer,freemancheryl@example.org,2024-06-02
967,Herbert Wise,rogerjohnson@example.com,2024-02-09
968,Emily Houston,steve80@example.com,2024-05-13
969,Casey Henson,luis08@example.com,2023-08-20
970,Jeffery Torres,ogarcia@example.net,2023-05-08
971,Stacy Jacobson,johnsonmelissa@example.com,2024-10-18
972,Gary Ellis,stephen50@example.org,2023-05-06
973,Angela Willis,shawntorres@example.org,2024-09-26
974,Scott Ellis,keith30@example.com,2024-01-29
975,William Smith,traci54@example.com,2025-01-16
976,Dustin Mcclure,josephelliott@example.com,2024-09-02
977,Thomas Simmons,matthew53@example.com,2025-01-17
978,Michael Nelson,dianamartin@example.com,2025-03-19
979,Brian Rogers,watkinsvirginia@example.com,2024-12-07
980,Troy Smith,tsosa@example.com,2024-06-29
981,Maria Ortiz,wholmes@example.com,2023-05-21
982,James Mccall,thomas42@example.org,2023-05-14
983,Shannon Spencer,charleschristopher@example.com,2023-05-07
984,Paul Mcgee,brownkimberly@example.org,2024-02-09
985,Ricky Green,lisahancock@example.org,2023-06-05
986,Robin Estrada MD,russellgarcia@example.org,2023-04-28
987,Alicia Meza,james10@example.net,2024-12-24
988,Taylor Lee,kimholly@example.net,2024-12-18
989,Sherry White,hinesamanda@example.com,2024-03-10
990,Sandra Franklin,qgonzalez@example.com,2025-03-14
991,Jillian Martinez,erinwilliams@example.com,2024-05-10
992,Cameron Porter,clintonferrell@example.com,2024-04-01
993,Denise Thomas,william74@example.org,2024-08-28
994,Robert Rowe,jrios@example.net,2024-02-21
995,Nathan Lopez,victoria42@example.net,2023-08-18
996,Micheal Moreno,darrellcarney@example.com,2024-04-21
997,Olivia Young,anthony08@example.net,2024-12-30
998,Brittany Bell,blackburnkyle@example.com,2023-10-13
999,Cody Clark,hmiller@example.com,2024-03-13
1000,Melissa Strickland,rpadilla@example.org,2024-03-13
